username,text,created_at,cleaned_text,sentiment
,"RT @Sissyai88: NO. 94  Robin - Honkai: Star Rail 50P
#nsfw #sexy #nude #AIç¾äºº #Porn #AIì‚¬ì§„ #æ¥µä¸Šã®ä¹³ #AIphoto #AIã‚¤ãƒ©ã‚¹ãƒˆ #Realistic #aigirls #AIartâ€¦",2025-03-17 04:59:41+00:00,rt sissyai88 94 robin honkai star rail 50p nsfw sexy nude aiç¾äºº porn aiì‚¬ì§„ æ¥µä¸Šã®ä¹³ aiphoto aiã‚¤ãƒ©ã‚¹ãƒˆ realistic aigirls aiartâ€¦,positive
,@Ammo_AI #AI #ammo,2025-03-17 04:59:40+00:00,ammoai ai ammo,neutral
,"RT @PerviRexartt: Update from the boy who likes them big... you know what I mean, Kanzaki's back!
#Ai #AIart #yaoi #yaoiAI #bl #boys #nsfwâ€¦",2025-03-17 04:59:36+00:00,rt pervirexartt update boy likes big know mean kanzakis back ai aiart yaoi yaoiai bl boys nsfwâ€¦,positive
,"RT @sexydoll_AI: No443 39P show half breast
View more at: https://t.co/rSCfHzCcq7 #stablediffusion #Realistic #aigirls #AIart #Aiç¾å¥³ #Aiå°‘å¥³ #â€¦",2025-03-17 04:59:35+00:00,rt sexydollai no443 39p show half breast view stablediffusion realistic aigirls aiart aiç¾å¥³ aiå°‘å¥³ â€¦,neutral
,"RT @_lovenight: No.448 38P cow girl
Download more -&gt; https://t.co/XcrMxe1wjd 
#lovenight #stablediffusion #Realistic #aigirls #AIart #Aiç¾å¥³â€¦",2025-03-17 04:59:31+00:00,rt lovenight no448 38p cow girl download gt lovenight stablediffusion realistic aigirls aiart aiç¾å¥³â€¦,positive
,RT @CESS_Storage: LIVE NOW! Join us for an exclusive Space: #DeSci &amp; #AI â€“ The Future of Scientific Collaboration ğŸ™ï¸ğŸ”— Tune in now: https://â€¦,2025-03-17 04:59:27+00:00,rt cessstorage live join us exclusive space desci amp ai â€“ future scientific collaboration ğŸ™ï¸ğŸ”— tune,positive
,"#ai, #robotics, #china, #springfestival, #militarytech, #artificialintelligence, #smartbots, #autonomoussystems, #festivaltechnology, #surveillance, #defenseinnovation, #autonomousdrones, #aiwarfare, #futuretech, #aiapplications,
https://t.co/OSfR5Ir7fB https://t.co/rNL3o82TtP",2025-03-17 04:59:27+00:00,ai robotics china springfestival militarytech artificialintelligence smartbots autonomoussystems festivaltechnology surveillance defenseinnovation autonomousdrones aiwarfare futuretech aiapplications,neutral
,"RT @ArcBlock_io: ğŸš€ ArcSphere is ArcBlockâ€™s new web browser with native support for Decentralized Identity, Blockchain, #dApps, and built-inâ€¦",2025-03-17 04:59:20+00:00,rt arcblockio ğŸš€ arcsphere arcblockâ€™s new web browser native support decentralized identity blockchain dapps builtinâ€¦,positive
,RT @CESS_Storage: LIVE NOW! Join us for an exclusive Space: #DeSci &amp; #AI â€“ The Future of Scientific Collaboration ğŸ™ï¸ğŸ”— Tune in now: https://â€¦,2025-03-17 04:59:17+00:00,rt cessstorage live join us exclusive space desci amp ai â€“ future scientific collaboration ğŸ™ï¸ğŸ”— tune,positive
,#Fox #Crypto @Crypto #Coin #Token #BullMarket #bullrun #Today #listing #list #meme #memes #veVelo @CryptoAI #listing #CMC #Binance @binance #BNB #news #Bullish #bullrun #buy #USAToday #Day @elonmusk @cz_binance @VitalikButerin @justinsuntron #CryptoAI #AI #ML #Web3 #bsc #nft https://t.co/mTrcNnrVsP,2025-03-17 04:59:16+00:00,fox crypto crypto coin token bullmarket bullrun today listing list meme memes vevelo cryptoai listing cmc binance binance bnb news bullish bullrun buy usatoday day elonmusk czbinance vitalikbuterin justinsuntron cryptoai ai ml web3 bsc nft,neutral
,RT @KirkDBorne: Introduction to Graph #NeuralNetworks â€” A Starting Point for #MachineLearning Engineers: https://t.co/Qqo6MLXXSe [49-page Pâ€¦,2025-03-17 04:59:14+00:00,rt kirkdborne introduction graph neuralnetworks â€” starting point machinelearning engineers 49page pâ€¦,neutral
,"RT @MerchverseAI: Threads of innovation, woven into the future of e-commerce. ğŸŒâœ¨

The seamless blend of #AI, #Web3, and creativity that powâ€¦",2025-03-17 04:59:12+00:00,rt merchverseai threads innovation woven future ecommerce ğŸŒâœ¨ seamless blend ai web3 creativity powâ€¦,positive
,#Fox #Crypto @Crypto #Coin #Token #BullMarket #bullrun #Today #listing #list #meme #memes #veVelo @CryptoAI #listing #CMC #Binance @binance #BNB #news #Bullish #bullrun #buy #USAToday #Day @elonmusk @cz_binance @VitalikButerin @justinsuntron #CryptoAI #AI #ML #Web3 #bsc #nft https://t.co/B2fmZGK28p,2025-03-17 04:59:10+00:00,fox crypto crypto coin token bullmarket bullrun today listing list meme memes vevelo cryptoai listing cmc binance binance bnb news bullish bullrun buy usatoday day elonmusk czbinance vitalikbuterin justinsuntron cryptoai ai ml web3 bsc nft,neutral
,I Recently Join This Project And Really This Is the totally Different From Other Projects That J seen @Ammo_AI #AI #ammo,2025-03-17 04:59:09+00:00,recently join project really totally different projects j seen ammoai ai ammo,positive
,"RT @CK113311: Flare FLR : ""Walk Away from the Darkness""â˜€ï¸ 

#Flare $FLR #FAssets $FBTC $FXRP $FDOGE #FlareNetworks #FlareCommunity $SGB #RWâ€¦",2025-03-17 04:59:09+00:00,rt ck113311 flare flr walk away darknessâ˜€ï¸ flare flr fassets fbtc fxrp fdoge flarenetworks flarecommunity sgb rwâ€¦,neutral
,"bullish
@Ammo_AI #AI #ammo",2025-03-17 04:59:08+00:00,bullish ammoai ai ammo,neutral
,RT @OrangeKiwi_Ai: #AIArt #AIã‚¤ãƒ©ã‚¹ãƒˆ #stablediffusion #AI #AIArtworks https://t.co/eIsYYAJesR,2025-03-17 04:59:03+00:00,rt orangekiwiai aiart aiã‚¤ãƒ©ã‚¹ãƒˆ stablediffusion ai aiartworks,neutral
,"The early users of #CryptoReplyGen are already seeing crazy engagement spikes. ğŸ‘€

I might limit access soon. If you want to get in before everyone else, try it now. ğŸš€ 

https://t.co/Ik4jJDnMzH

#ai #web3dev #aidev #blockchain #crypto https://t.co/YtVRDTtb7k",2025-03-17 04:59:00+00:00,early users cryptoreplygen already seeing crazy engagement spikes ğŸ‘€ might limit access soon want get everyone else try ğŸš€ ai web3dev aidev blockchain crypto,positive
,"RT @girlsexof: Hi, nice to see youğŸ¥°

How was your day?ğŸ˜Š

Ready to chat with you hereğŸ‘‡
https://t.co/BEJue612xf

*by AI
#adult #nsfw #xxx #seâ€¦",2025-03-17 04:58:59+00:00,rt girlsexof hi nice see youğŸ¥° dayğŸ˜Š ready chat hereğŸ‘‡ ai adult nsfw xxx seâ€¦,positive
,AI + Blockchain = The ultimate tech duo. ğŸ¤–â›“ï¸ #AI #Web3 #Innovation #zelena,2025-03-17 04:58:56+00:00,ai blockchain ultimate tech duo ğŸ¤–â›“ï¸ ai web3 innovation zelena,positive
,"RT @MerchverseAI: Threads of innovation, woven into the future of e-commerce. ğŸŒâœ¨

The seamless blend of #AI, #Web3, and creativity that powâ€¦",2025-03-17 04:58:53+00:00,rt merchverseai threads innovation woven future ecommerce ğŸŒâœ¨ seamless blend ai web3 creativity powâ€¦,positive
,@Ammo_AI #AI #ammo this is good project.ğŸ¤ªğŸ¤ ğŸ¥³,2025-03-17 04:58:52+00:00,ammoai ai ammo good projectğŸ¤ªğŸ¤ ğŸ¥³,positive
,RT @OrangeKiwi_Ai: #AIArt #AIã‚¤ãƒ©ã‚¹ãƒˆ #stablediffusion #AI #AIArtworks https://t.co/OuzsLRysrg,2025-03-17 04:58:48+00:00,rt orangekiwiai aiart aiã‚¤ãƒ©ã‚¹ãƒˆ stablediffusion ai aiartworks,neutral
,RT @CESS_Storage: LIVE NOW! Join us for an exclusive Space: #DeSci &amp; #AI â€“ The Future of Scientific Collaboration ğŸ™ï¸ğŸ”— Tune in now: https://â€¦,2025-03-17 04:58:46+00:00,rt cessstorage live join us exclusive space desci amp ai â€“ future scientific collaboration ğŸ™ï¸ğŸ”— tune,positive
,"RT @LabourMinistry: India strengthening its collaboration with ILO to advance #LabourMobility, #SocialJustice, #ResponsibleBusinessConduct,â€¦",2025-03-17 04:58:46+00:00,rt labourministry india strengthening collaboration ilo advance labourmobility socialjustice responsiblebusinessconductâ€¦,positive
,"RT @rizzen_wolf: Chillin with the chill rat

#Furry #Ai https://t.co/RLrM0Odf8i",2025-03-17 04:58:43+00:00,rt rizzenwolf chillin chill rat furry ai,neutral
,RT @CESS_Storage: LIVE NOW! Join us for an exclusive Space: #DeSci &amp; #AI â€“ The Future of Scientific Collaboration ğŸ™ï¸ğŸ”— Tune in now: https://â€¦,2025-03-17 04:58:34+00:00,rt cessstorage live join us exclusive space desci amp ai â€“ future scientific collaboration ğŸ™ï¸ğŸ”— tune,positive
,"RT @GScamass: ALWAYS DEEPER
GO HARDER
DONT STOP
YOUR PORN ADDICTION IS THE ONLY THING THAT MATTERS

IT CANNOT BE BAD IF IT FEELS THIS GOODâ€¦",2025-03-17 04:58:34+00:00,rt gscamass always deeper go harder dont stop porn addiction thing matters cannot bad feels goodâ€¦,positive
,RT @BS_comics: Kat-ra off the page... one of my original 3D superhero comics on my Patreon site #nsfw #r34 #rule34 #adultcomics #superheroâ€¦,2025-03-17 04:58:31+00:00,rt bscomics katra page one original 3d superhero comics patreon site nsfw r34 rule34 adultcomics superheroâ€¦,positive
,RT @CESS_Storage: LIVE NOW! Join us for an exclusive Space: #DeSci &amp; #AI â€“ The Future of Scientific Collaboration ğŸ™ï¸ğŸ”— Tune in now: https://â€¦,2025-03-17 04:58:30+00:00,rt cessstorage live join us exclusive space desci amp ai â€“ future scientific collaboration ğŸ™ï¸ğŸ”— tune,positive
,#AIArena #Neuron #NRN $NRN #ArenaxLabs #AI @AI #ARC #AIGaming #ARCAgents #G3 #GAM3Sgg #GAM3 #GAM3S #MagicEden @MagicEden #Eden @GAM3Sgg_ #Choice #GAM3Awards #LOCKED #LIVE #ET #NFT #Game #Gamer #Gaming #Crypto #Coin #Token #Today #Day #UP #Pump #ArenaX #EA @EA #Bullrun #Bullish https://t.co/y9Bfcj9OxV,2025-03-17 04:58:29+00:00,aiarena neuron nrn nrn arenaxlabs ai ai arc aigaming arcagents g3 gam3sgg gam3 gam3s magiceden magiceden eden gam3sgg choice gam3awards locked live et nft game gamer gaming crypto coin token today day pump arenax ea ea bullrun bullish,neutral
,RT @skepteis: We're offering a fully funded PhD at the intersection of #ML/#AI and the life sciences with a focus on sustainability and cheâ€¦,2025-03-17 04:58:28+00:00,rt skepteis offering fully funded phd intersection mlai life sciences focus sustainability cheâ€¦,neutral
,RT @CESS_Storage: LIVE NOW! Join us for an exclusive Space: #DeSci &amp; #AI â€“ The Future of Scientific Collaboration ğŸ™ï¸ğŸ”— Tune in now: https://â€¦,2025-03-17 04:58:27+00:00,rt cessstorage live join us exclusive space desci amp ai â€“ future scientific collaboration ğŸ™ï¸ğŸ”— tune,positive
,RT @CESS_Storage: LIVE NOW! Join us for an exclusive Space: #DeSci &amp; #AI â€“ The Future of Scientific Collaboration ğŸ™ï¸ğŸ”— Tune in now: https://â€¦,2025-03-17 04:58:26+00:00,rt cessstorage live join us exclusive space desci amp ai â€“ future scientific collaboration ğŸ™ï¸ğŸ”— tune,positive
,RT @Fumao923: ãƒ¡ãƒ¢ã€‚é‡è¦ãªãƒã‚¤ãƒ³ãƒˆã¯ã€Cursorã‚’åˆ©ç”¨ã™ã‚‹ã“ã¨ã§é–‹ç™ºçµŒé¨“ã‚¼ãƒ­ã®PMã§ã‚‚æ¥­å‹™ã‚’åœ§å€’çš„ã«åŠ¹ç‡åŒ–ã§ãã‚‹ç‚¹ã€‚ #AI #Tech https://t.co/UbbTMK6gCO,2025-03-17 04:58:23+00:00,rt fumao923 ãƒ¡ãƒ¢ã€‚é‡è¦ãªãƒã‚¤ãƒ³ãƒˆã¯ã€cursorã‚’åˆ©ç”¨ã™ã‚‹ã“ã¨ã§é–‹ç™ºçµŒé¨“ã‚¼ãƒ­ã®pmã§ã‚‚æ¥­å‹™ã‚’åœ§å€’çš„ã«åŠ¹ç‡åŒ–ã§ãã‚‹ç‚¹ã€‚ ai tech,neutral
,#AIArena #Neuron #NRN $NRN #ArenaxLabs #AI @AI #ARC #AIGaming #ARCAgents #G3 #GAM3Sgg #GAM3 #GAM3S #MagicEden @MagicEden #Eden @GAM3Sgg_ #Choice #GAM3Awards #LOCKED #LIVE #ET #NFT #Game #Gamer #Gaming #Crypto #Coin #Token #Today #Day #UP #Pump #ArenaX #EA @EA #Bullrun #Bullish https://t.co/8brisFitb6,2025-03-17 04:58:23+00:00,aiarena neuron nrn nrn arenaxlabs ai ai arc aigaming arcagents g3 gam3sgg gam3 gam3s magiceden magiceden eden gam3sgg choice gam3awards locked live et nft game gamer gaming crypto coin token today day pump arenax ea ea bullrun bullish,neutral
,RT @TechFieldDay: ICYMI: @TechFieldDayPod - AI Innovation Inevitably Drives Massive Energy Consumption. Recorded at @TechFieldDay  #AIFD6 fâ€¦,2025-03-17 04:58:22+00:00,rt techfieldday icymi techfielddaypod ai innovation inevitably drives massive energy consumption recorded techfieldday aifd6 fâ€¦,positive
,RT @RawDaddies: ğŸ‡¹ğŸ‡· #nsfw #videoai #fuck #bear #grandpa #silverdaddy #fat #chubby #daddy #daddybear #mature #dilf #oldman #gay #cock #penisâ€¦,2025-03-17 04:58:11+00:00,rt rawdaddies ğŸ‡¹ğŸ‡· nsfw videoai fuck bear grandpa silverdaddy fat chubby daddy daddybear mature dilf oldman gay cock penisâ€¦,negative
,"Animatronics use robotic devices to emulate lifelike movements 
by @WillCogley

#ArtificialIntelligence #MachineLearning #Robotics #AI #ML #MI

cc: @karpathy @bernardmarr @paula_piccard https://t.co/sBTzjJKKj3",2025-03-17 04:58:10+00:00,animatronics use robotic devices emulate lifelike movements willcogley artificialintelligence machinelearning robotics ai ml mi cc karpathy bernardmarr paulapiccard,neutral
,"@AltrElon Meanwhile, @PublicAIData's revolution is bridging the gap between humans &amp; AI, making expertise worth more than just a neural link #AI #FutureOfWork",2025-03-17 04:58:05+00:00,altrelon meanwhile publicaidatas revolution bridging gap humans amp ai making expertise worth neural link ai futureofwork,positive
,"RT @MerchverseAI: Threads of innovation, woven into the future of e-commerce. ğŸŒâœ¨

The seamless blend of #AI, #Web3, and creativity that powâ€¦",2025-03-17 04:57:59+00:00,rt merchverseai threads innovation woven future ecommerce ğŸŒâœ¨ seamless blend ai web3 creativity powâ€¦,positive
,@imagesaicouldnt Brainpower meets blockchain!  PublicAI's got the data fuel to power the future. ğŸš€  #AI #Web3,2025-03-17 04:57:55+00:00,imagesaicouldnt brainpower meets blockchain publicais got data fuel power future ğŸš€ ai web3,neutral
,"ğŸƒ Iâ€™ve just started earning Bytes on @despeednet - the worldâ€™s first decentralized network for internet speed verification! ğŸŒ

âš™ï¸ Set up your #DeSpeed Validator today and start earning Bytes.

ğŸ‘‰ Kickstart your journey here: https://t.co/0eekgvV1w7

#Depin #Extension #Web3 #AI",2025-03-17 04:57:50+00:00,ğŸƒ iâ€™ve started earning bytes despeednet worldâ€™s first decentralized network internet speed verification ğŸŒ âš™ï¸ set despeed validator today start earning bytes ğŸ‘‰ kickstart journey depin extension web3 ai,neutral
,"RT @_lovenight: No.448 38P cow girl
Download more -&gt; https://t.co/XcrMxe248L
#lovenight #stablediffusion #Realistic #aigirls #AIart #Aiç¾å¥³ #â€¦",2025-03-17 04:57:48+00:00,rt lovenight no448 38p cow girl download gt lovenight stablediffusion realistic aigirls aiart aiç¾å¥³ â€¦,positive
,@Ammo_AI #AI #ammo this is very nice project.ğŸ˜…,2025-03-17 04:57:45+00:00,ammoai ai ammo nice projectğŸ˜…,positive
,"RT @umino96: å”ä¼šä¼šé•·
ï¼šã¾ã ç¾å½¹ã ã­ã€ä¼šé•·ã€‚

#AIart #AI #NSFW #gay #yaoi #stablediffusion #sololeveling #gogunhee https://t.co/M8PyehPrXo",2025-03-17 04:57:43+00:00,rt umino96 å”ä¼šä¼šé•· ï¼šã¾ã ç¾å½¹ã ã­ã€ä¼šé•·ã€‚ aiart ai nsfw gay yaoi stablediffusion sololeveling gogunhee,neutral
,"RT @_lovenight: No.449 78P Angel Girl
Download more -&gt; https://t.co/XcrMxe248L #lovenight #stablediffusion #Realistic #aigirls #AIart #Aiç¾å¥³â€¦",2025-03-17 04:57:39+00:00,rt lovenight no449 78p angel girl download gt lovenight stablediffusion realistic aigirls aiart aiç¾å¥³â€¦,positive
,#Trading #Finance $DEX #Today $Today #USAToday #News $BTCO $BTC $HODL $BTCW $FBTC $EZBC $IBIT $BRRR $SOFI $DOGE $SHIB $ETH $AMC #China #Asia #London #Paris #Japan #UK #HongKong #Tokyo #France #Taiwan #Crypto #Tesla #Ethererum #Dogecoin #Shanghai #Shibainu #Fintech #AI #CNBC #xAI https://t.co/KfaYMOFhfN,2025-03-17 04:57:38+00:00,trading finance dex today today usatoday news btco btc hodl btcw fbtc ezbc ibit brrr sofi doge shib eth amc china asia london paris japan uk hongkong tokyo france taiwan crypto tesla ethererum dogecoin shanghai shibainu fintech ai cnbc xai,neutral
,"RT @girlsexof: Hi, nice to see youğŸ¥°

How was your day?ğŸ˜Š

Ready to chat with you hereğŸ‘‡
https://t.co/BEJue612xf

*by AI
#adult #nsfw #xxx #seâ€¦",2025-03-17 04:57:37+00:00,rt girlsexof hi nice see youğŸ¥° dayğŸ˜Š ready chat hereğŸ‘‡ ai adult nsfw xxx seâ€¦,positive
,"Hong Kong is looking to boost its position as a hub for emerging technologies with its latest #AI investment; meanwhile, Arm expands AI use cases with #IoT.

https://t.co/8DqPCaTRWa",2025-03-17 04:57:35+00:00,hong kong looking boost position hub emerging technologies latest ai investment meanwhile arm expands ai use cases iot,positive
,RT @CESS_Storage: LIVE NOW! Join us for an exclusive Space: #DeSci &amp; #AI â€“ The Future of Scientific Collaboration ğŸ™ï¸ğŸ”— Tune in now: https://â€¦,2025-03-17 04:57:34+00:00,rt cessstorage live join us exclusive space desci amp ai â€“ future scientific collaboration ğŸ™ï¸ğŸ”— tune,positive
,ğŸš€ç™¾åº¦å³å°†äº3æœˆä¸­æ—¬æ¨å‡ºä¸‹ä¸€ä»£AIæ¨¡å‹Ernieï¼Œæ˜¾è‘—æå‡æ¨ç†ã€åˆ›æ–°å’Œå¤šæ¨¡æ€å¤„ç†èƒ½åŠ›ï¼æ›´å¼ºå¤§çš„ç‰ˆæœ¬Ernie 5.0é¢„è®¡å°†åœ¨2025å¹´ä¸‹åŠå¹´æ¨å‡ºï¼ŒåŠ©åŠ›ç™¾åº¦åœ¨AIå¸‚åœºå æ®é¢†å…ˆåœ°ä½ã€‚å‡†å¤‡å¥½è¿æ¥æ–°æ—¶ä»£äº†å—ï¼ŸğŸ¤–ğŸ” #AI #ç§‘æŠ€åˆ›æ–°,2025-03-17 04:57:31+00:00,ğŸš€ç™¾åº¦å³å°†äº3æœˆä¸­æ—¬æ¨å‡ºä¸‹ä¸€ä»£aiæ¨¡å‹ernieï¼Œæ˜¾è‘—æå‡æ¨ç†ã€åˆ›æ–°å’Œå¤šæ¨¡æ€å¤„ç†èƒ½åŠ›ï¼æ›´å¼ºå¤§çš„ç‰ˆæœ¬ernie 50é¢„è®¡å°†åœ¨2025å¹´ä¸‹åŠå¹´æ¨å‡ºï¼ŒåŠ©åŠ›ç™¾åº¦åœ¨aiå¸‚åœºå æ®é¢†å…ˆåœ°ä½ã€‚å‡†å¤‡å¥½è¿æ¥æ–°æ—¶ä»£äº†å—ï¼ŸğŸ¤–ğŸ” ai ç§‘æŠ€åˆ›æ–°,neutral
,"RT @RicoCoinAI: Which type of #memecoin will pump the hardest next? ğŸ¤”

1ï¸âƒ£ AI-driven memecoins ğŸ¤–
2ï¸âƒ£ Classic dog coins ğŸ¶
3ï¸âƒ£ Community-builâ€¦",2025-03-17 04:57:31+00:00,rt ricocoinai type memecoin pump hardest next ğŸ¤” 1ï¸âƒ£ aidriven memecoins ğŸ¤– 2ï¸âƒ£ classic dog coins ğŸ¶ 3ï¸âƒ£ communitybuilâ€¦,neutral
,"RT @bender3031: #AI #aigirl #Cyberpunk #aiart #aiartwork #aiartcommunity #scifiart #virtualphotography #portraits 
Industrial Desire. httpsâ€¦",2025-03-17 04:57:31+00:00,rt bender3031 ai aigirl cyberpunk aiart aiartwork aiartcommunity scifiart virtualphotography portraits industrial desire,positive
,#Trading #Finance $DEX #Today $Today #USAToday #News $BTCO $BTC $HODL $BTCW $FBTC $EZBC $IBIT $BRRR $SOFI $DOGE $SHIB $ETH $AMC #China #Asia #London #Paris #Japan #UK #HongKong #Tokyo #France #Taiwan #Crypto #Tesla #Ethererum #Dogecoin #Shanghai #Shibainu #Fintech #AI #CNBC #xAI https://t.co/eX0VUIRxuc,2025-03-17 04:57:31+00:00,trading finance dex today today usatoday news btco btc hodl btcw fbtc ezbc ibit brrr sofi doge shib eth amc china asia london paris japan uk hongkong tokyo france taiwan crypto tesla ethererum dogecoin shanghai shibainu fintech ai cnbc xai,neutral
,"@gunsnrosesgirl3 AI so good, it's almost unfair.  Almost. ğŸ˜‰  PublicAI making moves!  #AI  #Data
@Boithebear",2025-03-17 04:57:29+00:00,gunsnrosesgirl3 ai good almost unfair almost ğŸ˜‰ publicai making moves ai data boithebear,positive
,"We introduce you to the automated #manufacturing equipment for experimental #coincell. 

https://t.co/aE3dacEDd3

#ai #battery https://t.co/eBKRyMn5p4",2025-03-17 04:57:26+00:00,introduce automated manufacturing equipment experimental coincell ai battery,neutral
,"RT @kaiysx1: No.914 41P yae miko
More R18+ pictureğŸ‘‰https://t.co/O4ss449cIs #stablediffusion #Realistic #aigirls #AIart #Aiç¾å¥³ #Aiå°‘å¥³ #aiç”Ÿäº§ #Aâ€¦",2025-03-17 04:57:26+00:00,rt kaiysx1 no914 41p yae miko r18 pictureğŸ‘‰ stablediffusion realistic aigirls aiart aiç¾å¥³ aiå°‘å¥³ aiç”Ÿäº§ aâ€¦,neutral
,RT @CESS_Storage: LIVE NOW! Join us for an exclusive Space: #DeSci &amp; #AI â€“ The Future of Scientific Collaboration ğŸ™ï¸ğŸ”— Tune in now: https://â€¦,2025-03-17 04:57:23+00:00,rt cessstorage live join us exclusive space desci amp ai â€“ future scientific collaboration ğŸ™ï¸ğŸ”— tune,positive
,"RT @VirtuSwap: The new epoch has arrived! ğŸ‰

1,000,000 $VRSW tokens up for grabs for VirtuSwap liquidity providers in the new epoch! ğŸ”¥

Earâ€¦",2025-03-17 04:57:22+00:00,rt virtuswap new epoch arrived ğŸ‰ 1000000 vrsw tokens grabs virtuswap liquidity providers new epoch ğŸ”¥ earâ€¦,neutral
,"ğŸ”Doraemon ï¼ ãƒ‰ãƒ©ãˆã‚‚ã‚“ï¼ˆ3ï¼‰

 Classic scenes from famous Japanese cartoonsï¼

#AI-generated Images https://t.co/BIsNh2zJeW",2025-03-17 04:57:21+00:00,ğŸ”doraemon ï¼ ãƒ‰ãƒ©ãˆã‚‚ã‚“ï¼ˆ3ï¼‰ classic scenes famous japanese cartoonsï¼ aigenerated images,neutral
,RT @BS_comics: Mulan released... check out the links to my sites. I do 3D and Ai comics #nsfw #nsfwtwt #rule34 #r34 #sfm #3DCG #aiart #sexyâ€¦,2025-03-17 04:57:21+00:00,rt bscomics mulan released check links sites 3d ai comics nsfw nsfwtwt rule34 r34 sfm 3dcg aiart sexyâ€¦,neutral
,"RT @dreamsartdesire: Schoolgirl Kate ğŸ³ï¸â€âš§ï¸
inspired by @kateumaruwu
#femboy #ai #sissy #lewd #trap #aiphoto #tgirl #aiart https://t.co/swXiâ€¦",2025-03-17 04:57:18+00:00,rt dreamsartdesire schoolgirl kate ğŸ³ï¸â€âš§ï¸ inspired kateumaruwu femboy ai sissy lewd trap aiphoto tgirl aiart,positive
,"RT @shabalahoho: Avan Geiserford | Strip Club | Jock Studio NSFW ğŸ”

Avan's secret sideline job. ğŸ¥µğŸ’µ

#AIart #yaoi #NSFW #R18 #AI #jockstudioâ€¦",2025-03-17 04:57:16+00:00,rt shabalahoho avan geiserford strip club jock studio nsfw ğŸ” avans secret sideline job ğŸ¥µğŸ’µ aiart yaoi nsfw r18 ai jockstudioâ€¦,neutral
,"Lu Shaotang â¤ï¸

#lushaotang #lu #sakamotodays #anime #animewaifu #Animeecchi #waifu #ecchi #waifuanime #bestwaifu #AIart #AIgirl #AI #AIArtistCommunity #aiwaifus #lewd #art #nsfw #rule34 #r18 #hentai https://t.co/kfdaeSI5aP",2025-03-17 04:57:11+00:00,lu shaotang â¤ï¸ lushaotang lu sakamotodays anime animewaifu animeecchi waifu ecchi waifuanime bestwaifu aiart aigirl ai aiartistcommunity aiwaifus lewd art nsfw rule34 r18 hentai,neutral
,"@RealitysVip ğŸš¨ ALERTA PARA AS TORCIDAS ğŸš¨

Gracyanne vs Eva, uma disputa como a busca por dados precisos em #AI! @PublicAIData sabe que a verdadeira vitÃ³ria Ã© na criaÃ§Ã£o de oportunidades justas! #BBB25 #RedeBBB",2025-03-17 04:57:10+00:00,realitysvip ğŸš¨ alerta para torcidas ğŸš¨ gracyanne vs eva uma disputa como busca por dados precisos em ai publicaidata sabe que verdadeira vitÃ³ria Ã© na criaÃ§Ã£o de oportunidades justas bbb25 redebbb,neutral
,"RT @kaiysx1: No.912 76P shenhe(genshin)
More R18+ pictureğŸ‘‰https://t.co/O4ss449cIs
#stablediffusion #Realistic #aigirls #AIart #Aiç¾å¥³ #Aiå°‘å¥³ #â€¦",2025-03-17 04:57:05+00:00,rt kaiysx1 no912 76p shenhegenshin r18 pictureğŸ‘‰ stablediffusion realistic aigirls aiart aiç¾å¥³ aiå°‘å¥³ â€¦,neutral
,@pergamon_ai #defai #ai #avax,2025-03-17 04:57:04+00:00,pergamonai defai ai avax,neutral
,"Julianâ€™s #Promise to the #World
#freegrok #defineallintelligence #ai https://t.co/lG1RT4Ibnr",2025-03-17 04:57:00+00:00,julianâ€™s promise world freegrok defineallintelligence ai,positive
,Check out iRender Telegram Mini App! ğŸš€ Join the future of decentralized rendering. #iRender #AI #Web3 lewat @irenderai,2025-03-17 04:56:57+00:00,check irender telegram mini app ğŸš€ join future decentralized rendering irender ai web3 lewat irenderai,positive
,"@elonmusk Brain gainz for everyone! ğŸ’ª  PublicAI turns data labeling into rewarding opportunities, so you can level up your skills while helping build better AI.  #AI #datascience",2025-03-17 04:56:55+00:00,elonmusk brain gainz everyone ğŸ’ª publicai turns data labeling rewarding opportunities level skills helping build better ai ai datascience,positive
,"RT @AiMenpics: Kogoro ğŸ˜‰ğŸ”¥
#Kogoro #DetectiveConan #Gay #Bara #Ai #DILF https://t.co/niYLHee3is",2025-03-17 04:56:50+00:00,rt aimenpics kogoro ğŸ˜‰ğŸ”¥ kogoro detectiveconan gay bara ai dilf,neutral
,"RT @DreamZhin: ECHOES IN THE SILENCE ğŸŒ¿ğŸŒ™

#NewYear #NFTs #AIart #Digitalart #Conceptart #AI #NFT #Ethereum #OpenSea #Echoes #Art #BTC #X 

""â€¦",2025-03-17 04:56:50+00:00,rt dreamzhin echoes silence ğŸŒ¿ğŸŒ™ newyear nfts aiart digitalart conceptart ai nft ethereum opensea echoes art btc x â€¦,neutral
,#Doge #ATOM #JTO #STARK #GRT #MKR  #WBTC #XAI #ASR #BADGER #FXS #LUNA #Babydoge #XRP #DOT #FTM #Sei #AR #ALGO #FLOW #BNT #WAVES #TRU #MTL #ZETA #IOTX #MAV #CHR #ATA #Altcoin #Today #News #Bets #Buy #Up #Viral #Vip #AI #EA @EA @okx #OKX #Bybit @Bybit_Official @binance #Binance https://t.co/dkqI03QBDO,2025-03-17 04:56:49+00:00,doge atom jto stark grt mkr wbtc xai asr badger fxs luna babydoge xrp dot ftm sei ar algo flow bnt waves tru mtl zeta iotx mav chr ata altcoin today news bets buy viral vip ai ea ea okx okx bybit bybitofficial binance binance,positive
,"RT @girlstar727: No.490 80P fox girl
More R18+ pictureğŸ‘‰ https://t.co/d3MUWlnm89 #girlstar #Realistic #aigirls #AIart #aiç”Ÿäº§ #AIç”Ÿæˆ #Ai #3D #Râ€¦",2025-03-17 04:56:45+00:00,rt girlstar727 no490 80p fox girl r18 pictureğŸ‘‰ girlstar realistic aigirls aiart aiç”Ÿäº§ aiç”Ÿæˆ ai 3d râ€¦,neutral
,"RT @ShadowSamurai99: LÃª Bá»‘ng
#Hentai 
#Nude
#Ai https://t.co/iQTN5CWYMf",2025-03-17 04:56:45+00:00,rt shadowsamurai99 lÃª bá»‘ng hentai nude ai,neutral
,#Doge #ATOM #JTO #STARK #GRT #MKR  #WBTC #XAI #ASR #BADGER #FXS #LUNA #Babydoge #XRP #DOT #FTM #Sei #AR #ALGO #FLOW #BNT #WAVES #TRU #MTL #ZETA #IOTX #MAV #CHR #ATA #Altcoin #Today #News #Bets #Buy #Up #Viral #Vip #AI #EA @EA @okx #OKX #Bybit @Bybit_Official @binance #Binance https://t.co/0EPtZVTOVc,2025-03-17 04:56:43+00:00,doge atom jto stark grt mkr wbtc xai asr badger fxs luna babydoge xrp dot ftm sei ar algo flow bnt waves tru mtl zeta iotx mav chr ata altcoin today news bets buy viral vip ai ea ea okx okx bybit bybitofficial binance binance,positive
,RT @booster_rex: po &amp; Tai lung  ( kung fu panda  ) #AI #AIArtwork #furryart #nsfwtw #kungfupandafanart #male #penis #porn #fanart https://tâ€¦,2025-03-17 04:56:42+00:00,rt boosterrex po amp tai lung kung fu panda ai aiartwork furryart nsfwtw kungfupandafanart male penis porn fanart,negative
,"AI ethics isn't just a subplotâ€”it's the main quest. Metaâ€™s moves scream 'algorithmic gaslighting,' where transparency is a shader they forgot to render. Code better, live better. #G #AI #Tech",2025-03-17 04:56:39+00:00,ai ethics isnt subplotâ€”its main quest metaâ€™s moves scream algorithmic gaslighting transparency shader forgot render code better live better g ai tech,positive
,"Hey there, my latest discovery as someone who loves tech, and I've found something that's going to excite you too. #SANA a fast #AI image gen. Don't forget to use #NVIDIA when you share your thoughts about it. https://t.co/1m6e834Idn It's also on Github for free.",2025-03-17 04:56:39+00:00,hey latest discovery someone loves tech ive found something thats going excite sana fast ai image gen dont forget use nvidia share thoughts also github free,positive
,"RT @girlstar727: No.491 57P dragon girl
More R18+ pictureğŸ‘‰ https://t.co/d3MUWlnm89 #girlstar #Realistic #aigirls #AIart #aiç”Ÿäº§ #AIç”Ÿæˆ #Ai #3Dâ€¦",2025-03-17 04:56:38+00:00,rt girlstar727 no491 57p dragon girl r18 pictureğŸ‘‰ girlstar realistic aigirls aiart aiç”Ÿäº§ aiç”Ÿæˆ ai 3dâ€¦,neutral
,"RT @ErikAgu04593309: Kama (Assasin) 
Fate grand order 
#AI #NSFW #FATEGO https://t.co/Lr1BcjB5wJ",2025-03-17 04:56:32+00:00,rt erikagu04593309 kama assasin fate grand order ai nsfw fatego,positive
,RT @CESS_Storage: LIVE NOW! Join us for an exclusive Space: #DeSci &amp; #AI â€“ The Future of Scientific Collaboration ğŸ™ï¸ğŸ”— Tune in now: https://â€¦,2025-03-17 04:56:28+00:00,rt cessstorage live join us exclusive space desci amp ai â€“ future scientific collaboration ğŸ™ï¸ğŸ”— tune,positive
,#Bitcoin #crypto #BitcoinNews #bitcoinprice #BitcoinWhale #BTCâ€¯#BTCnews #BTCprice #BTCWhale #btcusd #news #NewsBTC #Whale #Whal #BCH #BitcoinCash #altcoin #altcoins #Altcoin #altcoins #altcoinseason #AI #ML #DL #kripto #Bullrun #Bullish #BullMarket #Today #Token #Coin #web #Com https://t.co/F7lhNfiB1F,2025-03-17 04:56:27+00:00,bitcoin crypto bitcoinnews bitcoinprice bitcoinwhale btc btcnews btcprice btcwhale btcusd news newsbtc whale whal bch bitcoincash altcoin altcoins altcoin altcoins altcoinseason ai ml dl kripto bullrun bullish bullmarket today token coin web com,neutral
,"RT @cocoon_web4160: https://t.co/tMAcTwfkjx https://t.co/3X3PE6bXqyâ€¦
(fiber),#arachnid,#web,#Wrapped,#Halloween,#ghost,#horror,#Superheroesâ€¦",2025-03-17 04:56:27+00:00,rt cocoonweb4160 fiberarachnidwebwrappedhalloweenghosthorrorsuperheroesâ€¦,neutral
,"RT @Haru_A1art: Nakroth, In the pool at night.ğŸŒŠğŸŒ•

#AI #AIart #AIart_BL
#Nakroth #AOV #rov #yaoi  #r18 #nsfw #bl https://t.co/xT0W1o2FML",2025-03-17 04:56:25+00:00,rt harua1art nakroth pool nightğŸŒŠğŸŒ• ai aiart aiartbl nakroth aov rov yaoi r18 nsfw bl,positive
,This Is The GOOD project ğŸ¤«@Ammo_AI #AI #ammo,2025-03-17 04:56:23+00:00,good project ğŸ¤«ammoai ai ammo,positive
,#Bitcoin #crypto #BitcoinNews #bitcoinprice #BitcoinWhale #BTCâ€¯#BTCnews #BTCprice #BTCWhale #btcusd #news #NewsBTC #Whale #Whal #BCH #BitcoinCash #altcoin #altcoins #Altcoin #altcoins #altcoinseason #AI #ML #DL #kripto #Bullrun #Bullish #BullMarket #Today #Token #Coin #web #Com https://t.co/pCriizTVrk,2025-03-17 04:56:22+00:00,bitcoin crypto bitcoinnews bitcoinprice bitcoinwhale btc btcnews btcprice btcwhale btcusd news newsbtc whale whal bch bitcoincash altcoin altcoins altcoin altcoins altcoinseason ai ml dl kripto bullrun bullish bullmarket today token coin web com,neutral
,"RT @dreamsartdesire: Schoolgirl Kate ğŸ³ï¸â€âš§ï¸
inspired by @kateumaruwu
#femboy #ai #sissy #lewd #trap #aiphoto #tgirl #aiart https://t.co/swXiâ€¦",2025-03-17 04:56:19+00:00,rt dreamsartdesire schoolgirl kate ğŸ³ï¸â€âš§ï¸ inspired kateumaruwu femboy ai sissy lewd trap aiphoto tgirl aiart,positive
,Google ÑƒĞ±Ğ¸Ğ» Ğ¤Ğ¾Ñ‚Ğ¾ÑˆĞ¾Ğ¿ - Ñ€ĞµĞ´Ğ°ĞºÑ‚Ğ¸Ñ€Ğ¾Ğ²Ğ°Ñ‚ÑŒ Ñ„Ğ¾Ñ‚Ğ¾ Ğ¼Ğ¾Ğ¶Ğ½Ğ¾ Ñ‚ĞµĞºÑÑ‚Ğ¾Ğ¼! #Ğ½ĞµĞ¹Ñ€Ğ¾ÑĞµÑ‚ÑŒ #Gemini #AIStudio #2025 #ai https://t.co/EIrenuHzMZ,2025-03-17 04:56:17+00:00,google ÑƒĞ±Ğ¸Ğ» Ñ„Ğ¾Ñ‚Ğ¾ÑˆĞ¾Ğ¿ Ñ€ĞµĞ´Ğ°ĞºÑ‚Ğ¸Ñ€Ğ¾Ğ²Ğ°Ñ‚ÑŒ Ñ„Ğ¾Ñ‚Ğ¾ Ğ¼Ğ¾Ğ¶Ğ½Ğ¾ Ñ‚ĞµĞºÑÑ‚Ğ¾Ğ¼ Ğ½ĞµĞ¹Ñ€Ğ¾ÑĞµÑ‚ÑŒ gemini aistudio 2025 ai,neutral
,"RT @ManedWolfAscari: Ben and Marvin, those two dalmatian brothers, are up to no good again. They invited you over for some project, but itâ€¦",2025-03-17 04:56:17+00:00,rt manedwolfascari ben marvin two dalmatian brothers good invited project itâ€¦,positive
,"RT @AlexBanner2934: WataağŸ˜³

Repost and follow for moreâœ¨
Promotion: Join here for more hot stuff https://t.co/GlkWoZOvAcâ€¦
@Mei6VRC @mei_lewdâ€¦",2025-03-17 04:56:16+00:00,rt alexbanner2934 wataağŸ˜³ repost follow moreâœ¨ promotion join hot stuff mei6vrc meilewdâ€¦,positive
,"à¤…à¤‚à¤§à¤­à¤•à¥à¤¤ à¤¨à¥‡ à¤‰à¤¡à¤¼à¤¤à¤¾ à¤¤à¥€à¤° à¤²à¥‡ à¤²à¤¿à¤¯à¤¾ #AI #Grok à¤¸à¥‡ !! ğŸ˜‚ğŸ˜‚ğŸ˜‚ğŸ¤£ğŸ˜…
#PMModiPodcast https://t.co/BNAKwi59Um",2025-03-17 04:56:09+00:00,à¤…à¤‚à¤§à¤­à¤•à¥à¤¤ à¤¨à¥‡ à¤‰à¤¡à¤¼à¤¤à¤¾ à¤¤à¥€à¤° à¤²à¥‡ à¤²à¤¿à¤¯à¤¾ ai grok à¤¸à¥‡ ğŸ˜‚ğŸ˜‚ğŸ˜‚ğŸ¤£ğŸ˜… pmmodipodcast,neutral
,"ğŸš€ The future is here! iAgent raft is pushing the boundaries of AI-powered gaming with $TOY at @playonTOY. ğŸ®ğŸ”¥

Are you ready to level up and be part of the revolution? ğŸ‘€ğŸ’¡ #AI #Gaming #Crypto",2025-03-17 04:56:09+00:00,ğŸš€ future iagent raft pushing boundaries aipowered gaming toy playontoy ğŸ®ğŸ”¥ ready level part revolution ğŸ‘€ğŸ’¡ ai gaming crypto,positive
,"RT @umino96: å¡šå†…ã®ä¼‘æ†©ã‚¿ã‚¤ãƒ ã€€(2/4)

ï¼šãƒãƒ³ãƒâ€¦ãã ã•ã„ã€‚

ï¼šãŠå‰ã€ã¾ã•ã‹ã“ã‚“ãªæ·«ä¹±ã¨ã¯ã€æ—©ãæ•™ãˆã¦ã‚ˆã€ã»ã‚‰ï¼ã‚‚ã£ã¨æ·±ãï¼

ï¼šãƒãƒ³ãƒé£Ÿã£ãŸã ã‘ã§ã‚¤ãƒƒãŸï¼ŸãŠã„ãŠã„ï¼ˆãƒ‹ãƒ¤

#NSFW #AIart #AI #gay #yaoi #ã‚²ã‚¤ #stabledifâ€¦",2025-03-17 04:56:08+00:00,rt umino96 å¡šå†…ã®ä¼‘æ†©ã‚¿ã‚¤ãƒ  24 ï¼šãƒãƒ³ãƒâ€¦ãã ã•ã„ã€‚ ï¼šãŠå‰ã€ã¾ã•ã‹ã“ã‚“ãªæ·«ä¹±ã¨ã¯ã€æ—©ãæ•™ãˆã¦ã‚ˆã€ã»ã‚‰ï¼ã‚‚ã£ã¨æ·±ãï¼ ï¼šãƒãƒ³ãƒé£Ÿã£ãŸã ã‘ã§ã‚¤ãƒƒãŸï¼ŸãŠã„ãŠã„ï¼ˆãƒ‹ãƒ¤ nsfw aiart ai gay yaoi ã‚²ã‚¤ stabledifâ€¦,neutral
,Ready to transform your business with AI automation? Book a free 30-min consultation with me today! https://t.co/IJk8U5ec2b #AI #Automation,2025-03-17 04:56:06+00:00,ready transform business ai automation book free 30min consultation today ai automation,positive
,"RT @girlsexof: Hi, nice to see youğŸ¥°

How was your day?ğŸ˜Š

Ready to chat with you hereğŸ‘‡
https://t.co/BEJue612xf

*by AI
#adult #nsfw #xxx #seâ€¦",2025-03-17 04:56:05+00:00,rt girlsexof hi nice see youğŸ¥° dayğŸ˜Š ready chat hereğŸ‘‡ ai adult nsfw xxx seâ€¦,positive
,"åŒ…ã¾ã£ã¦ã‚‹æ§˜å­ã‚’è¦‹ã¦ã‚‹ã¨ã“ã¡ã‚‰ã‚‚â€¦â€¦ğŸ’¤
#AI
#å‹•ç”»
https://t.co/KunX32GdRZ",2025-03-17 04:56:03+00:00,åŒ…ã¾ã£ã¦ã‚‹æ§˜å­ã‚’è¦‹ã¦ã‚‹ã¨ã“ã¡ã‚‰ã‚‚â€¦â€¦ğŸ’¤ ai å‹•ç”»,neutral
,"RT @sexydoll_AI: No444 48P cheongsam
View more at: https://t.co/rSCfHzCcq7 #stablediffusion #Realistic #aigirls #AIart #Aiç¾å¥³ #Aiå°‘å¥³ #aiç”Ÿäº§ #å·¨â€¦",2025-03-17 04:56:01+00:00,rt sexydollai no444 48p cheongsam view stablediffusion realistic aigirls aiart aiç¾å¥³ aiå°‘å¥³ aiç”Ÿäº§ å·¨â€¦,neutral
,@Ammo_AI #AI #ammo Optimism isnâ€™t about ignoring problems; itâ€™s about believing in solutions.,2025-03-17 04:56:01+00:00,ammoai ai ammo optimism isnâ€™t ignoring problems itâ€™s believing solutions,negative
